{
    "x" : [ -4.843757885876885,
        -4.166097328766556,
        -3.188322080277402,
        -2.505500307158151,
        -2.125121487877057,
        -1.5234911888589164,
        -1.1677396905609636,
        -1.4362271970640055,
        -0.7087687161023197,
        -0.4107898949564843,
        0.06785566188718017,
        1.1083890098277496,
        1.338420662587191,
        2.2244926505244114,
        2.921455193241272,
        3.1386584697393367,
        3.4179434509031923,
        3.9857801357963547,
        4.191386782933911,
        5.417587938134906,
        5.819593975826322,
        6.459377307951173 ],
    "y" :  [ -124.92828636708808,
        -90.89268444061685,
        -63.866883938099804,
        -42.1434467897019,
        -26.525680487668986,
        -15.320146539201657,
        -7.162170733224942,
        -2.687651558452992,
        -0.32034922211879047,
        0.4484910830671367,
        0.5394324130958463,
        0.8461404564925781,
        1.9740623691543573,
        3.687404443692955,
        8.017000136420632,
        15.912577585788627,
        27.99787010199442,
        43.866046609900756,
        64.37888563858161,
        91.30535740065831,
        125.98782744547114,
        166.48582465979888 ]
}